{
"meta":{"test_sets":[],"test_metrics":[],"learn_metrics":[{"best_value":"Min","name":"Logloss"}],"launch_mode":"Train","parameters":"","iteration_count":100,"learn_sets":["learn"],"name":"experiment"},
"iterations":[
{"learn":[0.6561630237],"iteration":0,"passed_time":0.13113401,"remaining_time":12.98226699},,,
{"learn":[0.6254488841],"iteration":1,"passed_time":0.2135973034,"remaining_time":10.4662678,,
{"learn":[0.6011096721],"iteration":2,"passed_time":0.2406164445,"remaining_time":7.7799317,
,,
{"learn":[0.5802687157],"iteration":3,"passed_time":0.2673169212,"remaining_time":6.415606,
{,,
{"learn":[0.5615258075],"iteration":4,"passed_time":0.29461112,"remaining_time":5.5976112,
,
{"learn":[0.5460031012],"iteration":5,"passed_time":0.321221605,"remaining_time":5.032471811,,
,,
{"learn":[0.5339160094],"iteration":6,"passed_time":0.3551069207,"remaining_time":4.71784,,
{,
{"learn":[0.5235383675],"iteration":7,"passed_time":0.3273046789,"remaining_time":3.764003,,
{,
{"learn":[0.5149956893],"iteration":8,"passed_time":0.3548041994,"remaining_time":3.587464,,
{,,
{"learn":[0.5080642964],"iteration":9,"passed_time":0.435692542,"remaining_time":3.92123,
,
{,
{"learn":[0.501844105],"iteration":10,"passed_time":0.4084578904,"remaining_time":3.304795,
{",
{"learn":[0.4970735603],"iteration":11,"passed_time":0.4380375518,"remaining_time":3.2122,
,
{,
{"learn":[0.4905227763],"iteration":12,"passed_time":0.4677569008,"remaining_time":3.1303,
{,
{,
{"learn":[0.4846854901],"iteration":13,"passed_time":0.495034092,"remaining_time":3.04092,
{,
,
{"learn":[0.4805012983],"iteration":14,"passed_time":0.5226082802,"remaining_time":2.96144,
{,
,
{"learn":[0.4776427851],"iteration":15,"passed_time":0.5462162567,"remaining_time":2.86763,
,
{,
{"learn":[0.4752705252],"iteration":16,"passed_time":0.5763849864,"remaining_time":2.81411,
,
{,
{"learn":[0.4731860633],"iteration":17,"passed_time":0.6012500805,"remaining_time":2.739,
{",
{"learn":[0.4708782682],"iteration":18,"passed_time":0.6724392728,"remaining_time":2.866714,
{",
{"learn":[0.4682048346],"iteration":19,"passed_time":0.7013477353,"remaining_time":2.805,
{"lea,
{"learn":[0.4660414246],"iteration":20,"passed_time":0.7272899848,"remaining_time":2.73,
{"lear,
{"learn":[0.4649099856],"iteration":21,"passed_time":0.752040917,"remaining_time":2.666,
{"lea,
{"learn":[0.4633583145],"iteration":22,"passed_time":0.7774906948,"remaining_time":2.602,
{"le,
{",
{"learn":[0.4616654403],"iteration":23,"passed_time":0.7660536536,"remaining_time":2.,
,
{"lea,
{"learn":[0.460564204],"iteration":24,"passed_time":0.7929706806,"remaining_time":2.37,,
{"lea,
{"learn":[0.4598474768],"iteration":25,"passed_time":0.8206571786,"remaining_time":2.3,
,
{"lea,
{"learn":[0.4592579471],"iteration":26,"passed_time":0.8495139397,"remaining_time":2.2,,
{"lear,
{"learn":[0.4583506748],"iteration":27,"passed_time":0.8816445057,"remaining_time":2.,
,
{"lear,
{"learn":[0.4575378612],"iteration":28,"passed_time":0.9078792249,"remaining_time":2.,
{"learn",
{"learn":[0.4568973627],"iteration":29,"passed_time":0.9383192563,"remaining_time":2.,
{"learn",
{"learn":[0.4565227978],"iteration":30,"passed_time":0.9702442806,"remaining_time":2,,
{"learn",
{"learn":[0.4561225412],"iteration":31,"passed_time":0.9982366411,"remaining_time":,,
{"learn":,
{"learn":[0.455791281],"iteration":32,"passed_time":1.027306734,"remaining_time":2.,
{"learn",
{"learn":[0.4554404678],"iteration":33,"passed_time":1.05232142,"remaining_time":2.,,
{"lear,
{"learn":[0.4551839592],"iteration":34,"passed_time":1.078960705,"remaining_time":2.0,
{"learn,
{"learn":[0.4549764874],"iteration":35,"passed_time":1.107118852,"remaining_time":1.,,
{"learn,
{"learn":[0.4548175923],"iteration":36,"passed_time":1.139504475,"remaining_time":1.,
{"learn",
{"learn":[0.4546169558],"iteration":37,"passed_time":1.185682561,"remaining_time":1,
{"learn":,
{"learn":[0.4543282563],"iteration":38,"passed_time":1.222921376,"remaining_time":1,
{"learn",
{"learn":[0.4542209862],"iteration":39,"passed_time":1.250869925,"remaining_time":1.,
{"learn",
{"learn":[0.4541224378],"iteration":40,"passed_time":1.284297842,"remaining_time":1,
{"learn":,
{"learn":[0.4540042201],"iteration":41,"passed_time":1.315357072,"remaining_time":1,
{"learn":,
{"learn":[0.4538195904],"iteration":42,"passed_time":1.343571235,"remaining_time":1,
{"learn":,
{"learn":[0.4537421946],"iteration":43,"passed_time":1.376366354,"remaining_time":1,
{"learn":,
{"learn":[0.4535418421],"iteration":44,"passed_time":1.406355723,"remaining_time":1,
{"learn":,
{"learn":[0.4533881014],"iteration":45,"passed_time":1.432929664,"remaining_time":1,
{"learn":,
{"learn":[0.4533197017],"iteration":46,"passed_time":1.464094769,"remaining_time":1,
{"learn":,
{"learn":[0.4532756956],"iteration":47,"passed_time":1.499586116,"remaining_time":1,
{"learn":,
{"learn":[0.4532357112],"iteration":48,"passed_time":1.528889325,"remaining_time":1,
{"learn",
{"learn":[0.453215481],"iteration":49,"passed_time":1.55820077,"remaining_time":1.55,
{"lea,
{"learn":[0.4531382848],"iteration":50,"passed_time":1.587504348,"remaining_time":1.525,
{"lea,
{"learn":[0.4531120491],"iteration":51,"passed_time":1.618408356,"remaining_time":1.493915405},
{"learn":[0.4530453624],"iteration":52,"passed_time":1.649374113,"remaining_time":1.462652515},
{"learn":[0.4529995251],"iteration":53,"passed_time":1.675993891,"remaining_time":1.4276985},
{"learn":[0.4529635066],"iteration":54,"passed_time":1.705239396,"remaining_time":1.395195869},
{"learn":[0.4528981518],"iteration":55,"passed_time":1.731827955,"remaining_time":1.360721965},
{"learn":[0.4528501466],"iteration":56,"passed_time":1.764000018,"remaining_time":1.330736856},
{"learn":[0.4528026976],"iteration":57,"passed_time":1.792855269,"remaining_time":1.298274505},
{"learn":[0.4527618661],"iteration":58,"passed_time":1.824673343,"remaining_time":1.26799334},
{"learn":[0.4526932695],"iteration":59,"passed_time":1.854530311,"remaining_time":1.236353541},
{"learn":[0.4526696899],"iteration":60,"passed_time":1.881336056,"remaining_time":1.202821413},
{"learn":[0.4526452911],"iteration":61,"passed_time":1.910260283,"remaining_time":1.17080469},
{"learn":[0.4526164729],"iteration":62,"passed_time":1.939760715,"remaining_time":1.139224547},
{"learn":[0.4525921697],"iteration":63,"passed_time":1.967936253,"remaining_time":1.106964142},
{"learn":[0.4525643579],"iteration":64,"passed_time":1.995194578,"remaining_time":1.074335542},
{"learn":[0.4525407583],"iteration":65,"passed_time":2.022394075,"remaining_time":1.041839372},
{"learn":[0.4525169095],"iteration":66,"passed_time":2.048584811,"remaining_time":1.009004459},
{"learn":[0.4524920014],"iteration":67,"passed_time":2.077111773,"remaining_time":0.9774643638},
{"learn":[0.4524695219],"iteration":68,"passed_time":2.10669754,"remaining_time":0.9464873004},
{"learn":[0.4524375087],"iteration":69,"passed_time":2.13390303,"remaining_time":0.9145298699},
{"learn":[0.4524117711],"iteration":70,"passed_time":2.161312854,"remaining_time":0.8827897571},
{"learn":[0.4523667055],"iteration":71,"passed_time":2.189463955,"remaining_time":0.8514582046},
{"learn":[0.4523430816],"iteration":72,"passed_time":2.217179772,"remaining_time":0.8200527924},
{"learn":[0.452316252],"iteration":73,"passed_time":2.243135395,"remaining_time":0.7881286522},
{"learn":[0.4522935852],"iteration":74,"passed_time":2.271316624,"remaining_time":0.7571055414},
{"learn":[0.4522785272],"iteration":75,"passed_time":2.299369134,"remaining_time":0.7261165687},
{"learn":[0.4522511044],"iteration":76,"passed_time":2.324959225,"remaining_time":0.6944683399},
{"learn":[0.4522339784],"iteration":77,"passed_time":2.35292567,"remaining_time":0.6636457017},
{"learn":[0.4522096052],"iteration":78,"passed_time":2.379369111,"remaining_time":0.6324905233},
{"learn":[0.4521899902],"iteration":79,"passed_time":2.405645347,"remaining_time":0.6014113368},
{"learn":[0.4521676215],"iteration":80,"passed_time":2.432838576,